Navn_x,Breddegrad_x,Lengdegrad_x,Organisasjonsnummer,Navn_y,Breddegrad_y,Lengdegrad_y,Aktornavn,StatusDescription,GodkjentEtterLov,_merge
,,,811801402,Hjuksebø montessoriskole SA,59.50849,9.3331,,,,left_only
,,,813943492,Children's International School Moss AS,59.43952,10.66851,,,,left_only
,,,816578892,Wang Ung Sandnes AS,58.85992,5.72297,,,,left_only
,,,816668212,Kongstun Kristne friskole,58.77827,5.8355,,,,left_only
,,,816691842,Norges Realfagsungdomsskole Sandvika AS,59.89667,10.52295,,,,left_only
Campus Blå videregående skole AS,65.46981,12.13377,818509812,,,,,,,left_only
,,,819260702,Oasen skole Vågsbygd AS,58.1197,7.94784,,,,left_only
,,,820332342,Biss Gausel Sti,58.89721,5.73376,,,,left_only
,,,822126782,Discovery International School AS,60.20555,10.36781,,,,left_only
Wang Romerike AS,59.94674,10.95199,825308512,Wang Romerike AS,59.94674,10.95199,,,,left_only
Feiring videregående skole AS,60.47763,11.16565,825322922,,,,,,,left_only
,,,828643762,Tverlandet montessoriskole SA,66.01369,12.91505,,,,left_only
,,,829325942,"Skagerak International School, Tønsberg AS",59.27051,10.40571,,,,left_only
,,,831451572,Hans Nielsen Hauges grunnskole Follo AS,59.81297,10.80432,,,,left_only
,,,873084022,Rudolf steinerskolen Lørenskog Sti,59.91315,10.93832,,,,left_only
Danielsen videregående skole,60.393,5.33068,873159642,,,,,,,left_only
Krokeide videregående skole AS,60.22295,5.28764,873255692,,,,,,,left_only
Lev bibelskole Sti,58.14828,8.00266,873390522,,,,,,,left_only
,,,873441852,Steinerskolen i Tromsø Sti,69.64095,18.93474,,,,left_only
Urtehagen videregående privatskole Sti,59.9134,10.76078,873489502,,,,,,,left_only
,,,873501162,Stiftelsen steinerskolen i Kristiansand,58.15918,8.01523,,,,left_only
Norges Toppidrettsgymnas Lillehammer AS,61.125,10.47277,873600152,,,,,,,left_only
Bibelskolen på Fossnes,59.28137,10.25776,873668482,,,,,,,left_only
Lundeneset Vgs,59.60809,5.77295,874117722,,,,,,,left_only
Fjellheim bibelskole,69.63869,18.93087,874137472,,,,,,,left_only
,,,876210762,Tyrifjord barne- og ungdomsskole,60.06845,10.17166,,,,left_only
,,,876599112,"Stiftelsen Møre barne- og Ungdomsskule, Ålesund",62.43412,6.39917,,,,left_only
,,,880962132,Buen barne- og ungdomsskole,59.41884,10.68449,,,,left_only
Danielsen Intensivgymnas,60.39271,5.33095,882067432,,,,,,,left_only
,,,884675812,Nidaros idrettsungdomsskole Sti,63.36776,10.38058,,,,left_only
,,,884791162,Steinerskolen på Eidsvoll,60.28651,11.24116,,,,left_only
,,,885142362,Nyskolen i Oslo grunnskole,59.86345,10.83882,,,,left_only
,,,886086202,Stiftelsen Kongsberg International School,0.0,0.0,,,,left_only
,,,887232482,Holmestrand Internasjonale montessoriskole Sti,59.47714,10.32171,,,,left_only
Akademiet Oslo AS,59.92345,10.73179,887664102,,,,,,,left_only
Stiftelsen Telemark Toppidrett gymnas,59.21206,9.59073,888361332,,,,,,,left_only
Akademiet Vgs Møre AS,62.47284,6.16358,888535322,,,,,,,left_only
,,,888820132,Toten montessoriskole,60.59788,10.73428,,,,left_only
,,,897457962,Oasen skole Grenland AS,59.20725,9.56798,,,,left_only
,,,898154432,Danielsen ungdomsskole Karmøy AS,59.2881,5.24468,,,,left_only
,,,898211932,Ulvestad barneskule AS,62.16595,5.9314,,,,left_only
,,,911687100,Tryggheim Strand AS,59.06734,5.92013,,,,left_only
,,,911716291,Skaugdalen montessoriskole SA,63.65203,10.14745,,,,left_only
,,,911765977,Opdøl montessoriskole Barne og ungdomsskole,68.18674,13.65269,,,,left_only
,,,911769646,Kfskolen - Jørpeland,59.02712,6.02524,,,,left_only
Akademiet Toppidrettsgymnas Ålesund AS,62.47027,6.18723,911770172,,,,,,,left_only
,,,911772515,Overhalla montessoriskole SA,64.46429,12.05537,,,,left_only
,,,911777886,Oasen skole Mandal AS,58.0336,7.4549,,,,left_only
,,,911779641,Eltoft montessoriskole AS,68.24139,13.68908,,,,left_only
,,,911785005,Lisleherad montessoriskole SA,59.59907,9.27139,,,,left_only
Møbelsnekkerskolen AS,59.5654,11.32593,911795442,,,,,,,left_only
,,,912282880,Narvik montessoriskole,68.41266,17.43929,,,,left_only
,,,912374076,Hoppensprett Akademiet Brårud AS,0.0,0.0,,,,left_only
,,,912399060,Montessoriskolen Morgan AS,68.74081,17.32728,,,,left_only
,,,912427617,Nordborg ungdomsskole,69.23026,17.99604,,,,left_only
,,,912493881,Hoppensprett Akademiet AS avd ungdomsskole,60.15228,11.18266,,,,left_only
Momo waldorfskole AS,63.36135,10.35149,913003284,Momo waldorfskole AS,63.36135,10.35149,,,,left_only
,,,913261968,Møre barne- og ungdomsskule Skodje AS,62.48411,6.50676,,,,left_only
Hans Nielsen Hauge videregående skole,59.21174,10.9386,913279727,,,,,,,left_only
Wang Hamar AS,60.80167,11.03811,913391470,Wang Hamar AS,60.80167,11.03811,,,,left_only
Norheim Vgs AS,59.38214,5.3112,913404793,,,,,,,left_only
Hoppensprett Akademiet Vgs Jessheim AS,60.15228,11.18266,913459598,,,,,,,left_only
,,,913461746,Norlights montessoriskole Stavanger AS,58.89334,5.72333,,,,left_only
,,,913559460,Gjøvikregionen International School Sti,60.7875,10.67782,,,,left_only
Akademiet Norsk restaurantskole Sti,0.0,0.0,913711793,,,,,,,left_only
,,,913755537,Harstad montessoriskole SA,68.787,16.586,,,,left_only
,,,913808932,Indre Kåfjord barne- og ungdomsskole,69.46923,20.9207,,,,left_only
,,,913815351,Jennestad montessoriskole,68.75064,15.3022,,,,left_only
,,,913837517,Innfjorden friskole SA,62.49358,7.56052,,,,left_only
,,,913946065,Wang Ung Oslo AS,59.92682,10.79318,,,,left_only
,,,914059135,Vigmostad skole,58.20192,7.33742,,,,left_only
,,,914142008,Drottningborg ungdomsskole AS,58.33753,8.58078,,,,left_only
,,,914415942,Humanistskolen,59.94856,10.73282,,,,left_only
Båtsfjord private videregående skole AS,70.63277,29.70523,914837367,,,,,,,left_only
,,,915008607,Åmot montessoriskole SA,61.30173,11.46301,,,,left_only
,,,915094791,Olavsborg Kristne skole,59.2921,11.09572,,,,left_only
,,,915098541,Kolbeinsvik montessoriskule,60.0432,5.19941,,,,left_only
,,,915114091,Romerike International School Sti,60.12708,11.33918,,,,left_only
,,,915121624,Sandnes International School AS,58.88292,5.74173,,,,left_only
,,,915225284,Norges Toppidrettsgymnas ungdomsskole Lillehammer AS,61.125,10.47277,,,,left_only
,,,915225713,Kongshaugen Kristne grunnskole,59.10352,10.11309,,,,left_only
,,,915239013,Norges Toppidrettsgymnas ungdomsskole Tromsø AS,69.67397,18.95455,,,,left_only
,,,915254845,Norges Toppidrettsgymnas ungdomsskole Kongsvinger AS,60.19129,12.00542,,,,left_only
,,,915258360,Haldde montessoriskole SA,69.93139,23.01776,,,,left_only
,,,915261108,Haugesund International School Sti,59.39037,5.24482,,,,left_only
,,,915372473,Neverdal Enspire skole AS,66.83442,13.77594,,,,left_only
Norlights International School Oslo AS,59.96258,10.69287,915601618,Norlights International School Oslo AS,59.96258,10.69287,,,,left_only
,,,915684920,Senja montessoriskole,69.5048,17.62833,,,,left_only
,,,915686893,Skodvin montessoriskule,60.69473,5.2295,,,,left_only
,,,915779328,Telemark Toppidrett ungdomsskole Skien AS,59.21222,9.5906,,,,left_only
,,,915828701,Oasen skole Strømme AS grunnskole,58.15521,8.07752,,,,left_only
,,,916295650,Ringerike Montessori AS,60.13551,10.16669,,,,left_only
,,,916579632,Wang Ung Stavanger AS,58.9546,5.70006,,,,left_only
Hauge videregående skole,59.37473,5.26223,916612095,,,,,,,left_only
,,,916677375,Trondheim Montessori,63.43896,10.48351,,,,left_only
,,,916688296,Norges Toppidrettsgymnas ungdomsskole Bodø AS,67.27618,14.38304,,,,left_only
Norges Toppidrettsgymnas Bodø AS,67.27618,14.38304,916694490,,,,,,,left_only
St. Paul gymnas,60.38285,5.33371,916794304,,,,,,,left_only
,,,917370133,Stette friskule SA,62.52422,6.60443,,,,left_only
,,,917425817,Steinsfjorden montessoriskole SA,60.12857,10.3514,,,,left_only
,,,917450064,Strandvik Vekst AS,60.15934,5.66499,,,,left_only
,,,917485976,Dalsgrenda montessoriskole SA,66.24875,13.99432,,,,left_only
,,,917635501,Hjellvik montessoriskule,60.55116,5.40816,,,,left_only
,,,917635595,Akademiet realfagsskole Drammen AS,59.7486,10.17168,,,,left_only
,,,917672938,Fagerenget montessoriskole SA,63.8737,9.88536,,,,left_only
,,,918374221,Wang Ung Sandefjord AS,59.1486,10.1848,,,,left_only
,,,918511377,Voll skole AS,62.87648,9.83776,,,,left_only
,,,918522859,Kongsvinger montessoriskole SA,60.174,12.01812,,,,left_only
,,,918526560,Helgådal Montessori SA,63.82074,11.90368,,,,left_only
,,,918530428,Wang Ung Follo AS,0.0,0.0,,,,left_only
,,,918532226,Elsfjord montessoriskole SA,66.10355,13.54507,,,,left_only
,,,918535705,Biss Sentrum AS,58.97514,5.71299,,,,left_only
,,,919233532,Akademiet realfagsskole Oslo AS,59.93356,10.7725,,,,left_only
,,,920292348,Stiftinga Tuddal montessoriskule,59.75579,8.78749,,,,left_only
,,,920312063,Hurdal steinerskole,60.40863,11.05092,,,,left_only
,,,920330576,Hjartdal montessoriskule Sti,59.60681,8.70046,,,,left_only
Create - Lillehammer Kreative videregående skole AS,61.11788,10.46692,920330754,,,,,,,left_only
,,,920334806,Childrens International School Sarpsborg AS,59.2921,11.09572,,,,left_only
,,,920335195,Bryggja skule AS,61.94246,5.45155,,,,left_only
,,,920382878,Akademiet ungdomsskole Lier AS,59.76917,10.25233,,,,left_only
Norges Realfagsgymnas Sandvika AS,59.89269,10.52632,921204353,,,,,,,left_only
Tønsberg bibelskole AS,59.27896,10.39904,921320205,,,,,,,left_only
,,,922093474,Telemark Toppidrett ungdomsskole Porsgrunn AS,59.13965,9.67016,,,,left_only
Blå Kors videregående skole Grimstad AS,58.33753,8.58078,922100101,,,,,,,left_only
Norges Toppidrettsgymnas Bergen AS,60.36712,5.35898,922148805,,,,,,,left_only
,,,922148872,Norges Toppidrettsgymnas ungdomsskole Bergen AS,60.36712,5.35898,,,,left_only
,,,922174636,Fresvik Enspire skule AS,61.06621,6.93118,,,,left_only
,,,922220026,Tresfjord Enspire skule,62.51939,7.12746,,,,left_only
,,,922273510,Fiksdal friskule SA,62.61732,6.85761,,,,left_only
,,,923189963,Trondheim idrettsungdomsskole AS,63.44256,10.45906,,,,left_only
,,,923927085,Stord Kristne skule AS,59.77872,5.485,,,,left_only
Seiersborg videregående skole Follo AS,59.66176,10.79354,924422459,,,,,,,left_only
Akademiet Vgs Kongsberg AS,59.67378,9.64225,924441747,,,,,,,left_only
,,,924466332,Skarnsundet montessoriskole SA,63.81896,11.00676,,,,left_only
Havbruksakademiet Nord AS,68.1299,13.58109,924480831,,,,,,,left_only
,,,925103446,Oasen skole Vennesla AS,58.27774,7.97015,,,,left_only
,,,926159534,"Heimdal Friskole, Kristen grunnskole Heimdal",63.36135,10.35149,,,,left_only
Forus friskole - Vgs,58.88395,5.73894,927794187,,,,,,,left_only
,,,928563278,Norges Toppidrettsgymnas ungdomsskole Asker AS,59.82552,10.45233,,,,left_only
Oasen skole Strømme AS videregående skole,58.15521,8.07752,930029017,,,,,,,left_only
Stiftelsen Den Tysk-Norske skolen i Oslo avd grunnskole og videregående,59.93637,10.75914,930591548,Stiftelsen Den Tysk-Norske skolen i Oslo avd grunnskole og videregående,59.93637,10.75914,,,,left_only
,,,930733881,Skien steinerskole AS,59.23088,9.59315,,,,left_only
,,,930748137,Stiftelsen Bodø International School,0.0,0.0,,,,left_only
,,,930771899,Sandstrand Montessoriforening,68.6816,16.80358,,,,left_only
,,,931451219,Hans Nielsen Hauge grunnskole Oslo,0.0,0.0,,,,left_only
Trondheim Toppidrettsgymnas Sti,63.44256,10.45906,931570994,,,,,,,left_only
Akademiet Vgs Sandvika AS,59.89269,10.52632,931696068,,,,,,,left_only
,,,932903717,Grimstad International School AS,58.33753,8.58078,,,,left_only
,,,932953765,Montessori Horten AS,59.43541,10.42986,,,,left_only
,,,933131165,Drøbak Montessori barneskole AS,59.66306,10.63498,,,,left_only
,,,933703630,Akademiet Realfagsungdomsskole Ålesund AS,62.4734,6.15031,,,,left_only
,,,933874583,Frikult grunnskole AS,66.33781,14.09213,,,,left_only
,,,935206693,Akademiet ungdomsskole Asker AS,59.82552,10.45233,,,,left_only
,,,935208033,Akademiet ungdomsskole Drammen AS,59.73982,10.18141,,,,left_only
,,,935814111,Val Skoler AS avd grunnskole,64.78575,11.42312,,,,left_only
,,,971427418,Skauen Kristelige skole,59.19426,9.63099,,,,left_only
Plus-Skolen AS Yrkesfaglig Utdanning,59.20444,10.95422,971627018,,,,,,,left_only
,,,971638982,Stiftelsen steinerskolen i Indre Østfold,59.58636,11.12423,,,,left_only
Skoleskipet Gann,0.0,0.0,971815817,,,,,,,left_only
Bybroen videregående skole AS,63.429,10.40036,971816279,,,,,,,left_only
Haugesund Toppidrettsgymnas AS,59.42576,5.27431,971816287,Haugesund Toppidrettsgymnas AS,59.42576,5.27431,,,,left_only
Otto Treider private gymnas AS,59.91121,10.73838,971816309,,,,,,,left_only
Wang videregående Skole/ Wang Toppidrett,59.91474,10.72427,971816317,,,,,,,left_only
Troens Bevis Bibel og Misjons Institutt,59.92385,10.73946,971833793,,,,,,,left_only
Oslo International School,59.91956,10.58345,971845635,Oslo International School,59.91956,10.58345,,,,left_only
Oslo private gymnasium AS,59.92345,10.73179,972286389,,,,,,,left_only
Norsk yrkesdykkerskole AS,0.0,0.0,972286745,,,,,,,left_only
Bibelskolen Oslo Kristne senter,59.98172,11.01538,973067516,,,,,,,left_only
,,,973073214,Steinerskolen i Fredrikstad,59.26662,10.9979,,,,left_only
,,,973075373,Steinerskolen i Moss Grunnskole/Adm,59.46358,10.69718,,,,left_only
Steinerskolen i Moss videregående skole,59.46358,10.69718,973075381,,,,,,,left_only
,,,973076914,Rudolf steinerskolen stiftelsen avd Undervisning,59.84457,10.67416,,,,left_only
Ansgar bibelskole AS,58.18298,8.08403,973112376,,,,,,,left_only
,,,973125508,Steinerskolen på Hedemarken avd grunnskolen Ottestad,60.77756,11.1034,,,,left_only
,,,973131621,Tønsberg Montessori skole Sti,59.33172,10.42432,,,,left_only
,,,973141791,Steinerskolen i Vestfold,59.23991,10.39467,,,,left_only
Slottsfjellet videregående,59.27051,10.40571,973141805,,,,,,,left_only
Kvs-Lyngdal AS,58.12425,7.05024,973149776,,,,,,,left_only
Tryggheim vidaregåande skule,58.67356,5.63596,973157221,,,,,,,left_only
Rudolf steinerskolen i Bergen skolen,60.34368,5.34308,973159232,Rudolf steinerskolen i Bergen skolen,60.34368,5.34308,,,,left_only
,,,973159658,Foreningen Danielsen ungdomsskole Bergen,60.39201,5.33508,,,,left_only
,,,973255428,Ekrehagen skole Adventistsamfunnets Grunnskoler,0.0,0.0,,,,left_only
Vinterlandbruksskulen på Jæren Sti,58.76159,5.64889,973255509,,,,,,,left_only
Tyrifjord videregående skole,60.07095,10.16954,973255754,,,,,,,left_only
,,,973358502,Birralee International School Trondheim AS avd skole,63.42701,10.39013,,,,left_only
Bibelskolen i Grimstad,58.31169,8.56593,973388436,,,,,,,left_only
Blå Kors videregående skole Øvrebø AS,58.2877,7.87645,973391100,,,,,,,left_only
,,,973443143,Steinerskolen Ålesund,62.46194,6.26629,,,,left_only
,,,973448889,Stiftelsen steinerskolen på Skjold,60.31017,5.32901,,,,left_only
Strykejernet kunstskole AS,59.92035,10.75279,973449990,,,,,,,left_only
Steinerskolen på Skjold Helseped Avdeling,60.31017,5.32901,973465112,Steinerskolen på Skjold Helseped Avdeling,60.31017,5.32901,,,,left_only
Ljabruskolen - steinerskole for Elever Med Spesielle Behov Sti,59.8499,10.80442,973465139,,,,,,,left_only
,,,973465147,Ringerike steinerskole Sti,60.20934,10.37506,,,,left_only
,,,973477579,Gamleveien skole,58.45701,6.01225,,,,left_only
Skagerak International School Sti,59.12004,10.23137,973488783,Skagerak International School Sti,59.12004,10.23137,,,,left_only
,,,973488910,Oslo montessoriskole,59.96375,10.69312,,,,left_only
Kristen videregående skole Nordland Sti,66.19877,13.03525,973494694,,,,,,,left_only
,,,973501186,Steinerskolen i Ås,59.68657,10.81147,,,,left_only
,,,973511017,Vikten skole,68.13873,13.3127,,,,left_only
,,,973556932,Oks friskole Sti,59.9815,11.01479,,,,left_only
Lukas videregående skole AS,63.43896,10.48351,973638416,,,,,,,left_only
Helsepedagogisk steinerskole på Hedemarken,60.77756,11.1034,973670646,,,,,,,left_only
Acta bibelskole,58.95488,5.69944,973798995,,,,,,,left_only
Credo bibelskole,60.33899,5.32024,973840991,,,,,,,left_only
,,,973915878,Moe skole,59.14296,10.19795,,,,left_only
,,,973915886,Bjerkely skole,59.38501,10.36491,,,,left_only
,,,973915908,Granly skole,59.29085,10.41781,,,,left_only
,,,973935828,Straumfjordnes skole,69.86909,21.21667,,,,left_only
Bergen bibelskole Sti,60.37804,5.35595,973937979,,,,,,,left_only
Kvitsund gymnas,59.38135,8.52013,974085062,,,,,,,left_only
,,,974117045,St Paul skole,60.38879,5.32358,,,,left_only
,,,974117053,Samfundets skole Sentrum,58.1499,7.99474,,,,left_only
,,,974117061,St. Franciskus skole,58.45792,8.76531,,,,left_only
,,,974117088,St Sunniva skole avd Undervisning,59.91878,10.74521,,,,left_only
Rudolf steinerskolen i Oslo Sti,59.94917,10.65886,974117096,Rudolf steinerskolen i Oslo Sti,59.94917,10.65886,,,,left_only
Tomb videregående skole,59.32111,10.81228,974117290,,,,,,,left_only
Stiftelsen Maritim videregående skole Sørlandet,58.14923,8.03194,974117371,,,,,,,left_only
Nordborg Vgs,69.22912,17.99658,974117703,,,,,,,left_only
Vestborg Vgs,62.30856,6.91996,974117711,,,,,,,left_only
Drottningborg Vgs AS,58.34851,8.64152,974117738,,,,,,,left_only
Kristelig gymnasium AS videregående skole,59.924,10.72948,974117797,,,,,,,left_only
Framnes Kristne vidaregåande skule,60.3498,6.18418,974117959,,,,,,,left_only
Kongshaug Musikkgymnas,60.15129,5.38534,974117967,,,,,,,left_only
,,,974122898,Steinerskolen i Bærum Grunnskoleundervisning,59.93,10.60565,,,,left_only
,,,974127016,Steinerskolen i Trondheim grunnskole,0.0,0.0,,,,left_only
Bibelskolen Bildøy,60.34462,5.11735,974135604,,,,,,,left_only
Val Skoler AS avd Vgs,64.78575,11.42312,974139790,,,,,,,left_only
,,,974146371,Steinerskolen i Haugesund,59.41864,5.29963,,,,left_only
Kristen videregående skole Trøndelag,63.3601,10.3816,974149699,,,,,,,left_only
Øya videregående skole,63.23681,10.27536,974149966,Øya videregående skole,63.23681,10.27536,,,,left_only
Sygna Vgs,61.20767,6.52918,974151537,,,,,,,left_only
,,,974154307,Steinerskolen Stavanger grunnskole,58.93885,5.73421,,,,left_only
Seiersborg videregående skole Fredrikstad AS,59.27328,11.01803,974158876,,,,,,,left_only
,,,974175762,Stiftelsen Lillehammer steinerskole,61.09985,10.42448,,,,left_only
Norges Toppidrettsgymnas Geilo AS,60.53654,8.22571,974176122,,,,,,,left_only
,,,974180022,Steinerskolen i Asker skole,59.86135,10.49502,,,,left_only
,,,974180030,Steinerskolen Gjøvik-Toten,60.78819,10.69987,,,,left_only
International School Of Stavanger avd Undervisning,58.95005,5.65417,974180693,International School Of Stavanger avd Undervisning,58.95005,5.65417,,,,left_only
,,,974185385,Steinerskolen i Hurum Sti,59.63306,10.4958,,,,left_only
,,,974187442,International School Of Bergen avd skole,60.2948,5.28091,,,,left_only
Heltberg private gymnas,59.9491,10.73242,974192020,,,,,,,left_only
,,,974223384,Stiftelsen montessoriskolen i Bergen,60.34414,5.28364,,,,left_only
,,,974309424,Bergen Kristne grunnskole,60.33899,5.32024,,,,left_only
Hop videregående skole AS,60.46604,5.222,974312441,,,,,,,left_only
Tveit vidaregåande skule Sti,59.34455,5.79518,974313804,,,,,,,left_only
Natur videregående skole Sti,59.9362,10.88051,974714426,,,,,,,left_only
Stiftelsen Østerbo videregående skole,59.23161,11.47543,974826704,,,,,,,left_only
,,,975013286,Kristelig gymnasium AS grunnskole,59.924,10.72948,,,,left_only
Steinerskolen i Trondheim videregående skole,0.0,0.0,975014894,,,,,,,left_only
Steinerskolen i Bærum videregående Opplæring,59.93,10.60565,975015785,,,,,,,left_only
Steinerskolen i Stavanger videregående skole,58.93885,5.73421,975037436,,,,,,,left_only
Lycee Francais Rene Cassin avd Vidregående skole,59.91702,10.71729,975051293,,,,,,,left_only
,,,975079368,Samfundets skole Egersund,58.44527,6.00466,,,,left_only
,,,975079465,Ryenberget skole,59.89883,10.80234,,,,left_only
Bibelskolen i Trondheim Sti,63.42862,10.39237,975146960,,,,,,,left_only
Evangeliesenterets bibelskole,59.46509,10.81341,975212491,,,,,,,left_only
,,,975286444,Bindalseidet skole SA,65.12693,12.23195,,,,left_only
,,,975358666,Vårtun Kristne oppvekstsenter SA,63.74062,11.25154,,,,left_only
,,,975828867,Elihu Kristne grunnskole,59.26836,10.44366,,,,left_only
,,,975934993,Drøbak Montessori ungdomsskole AS,59.67192,10.6352,,,,left_only
,,,976202422,Møllebakken skole,60.37813,5.33904,,,,left_only
,,,976207076,Rosendal skole,59.74988,10.02568,,,,left_only
,,,976207130,Østmarka skole,59.89037,10.85275,,,,left_only
,,,976207173,Mokollen skole,59.14516,10.21145,,,,left_only
,,,976207270,Vatneli skole,58.8592,5.77235,,,,left_only
,,,976207289,Torderød skole Adventistkirkens grunnskole,59.43483,10.63914,,,,left_only
,,,976207815,Adventkirken skole Nidelven,63.42554,10.39062,,,,left_only
,,,976210743,Engesvea barne- og ungdomsskole,61.09497,10.48371,,,,left_only
,,,976429184,Stiftelsen Bærum montessoriskole,59.90689,10.57955,,,,left_only
,,,976831055,Vinnes friskule,60.15304,5.58636,,,,left_only
,,,976939190,Lycee Francais Rene Cassin Doslo,59.91702,10.71729,,,,left_only
,,,977209234,Sauar friskole,59.41963,9.28063,,,,left_only
,,,977509777,Steinerskolen på Nordstrand,59.86193,10.79022,,,,left_only
Steinerskolen på Hedemarken avd videregående skole,0.0,0.0,978664067,,,,,,,left_only
,,,979668066,Hedemarken friskole,60.80144,11.30444,,,,left_only
,,,979718403,Stiftelsen montessoriskolen Lyse,59.93125,10.6429,,,,left_only
,,,979984766,Bjørkly skole,64.41061,11.47474,,,,left_only
,,,980203883,Forus friskole - Bus,58.88313,5.73925,,,,left_only
,,,981077997,Nordhordland Kristne grunnskole,60.5645,5.2435,,,,left_only
Oslo By steinerskole Sti,0.0,0.0,981089065,Oslo By steinerskole Sti,0.0,0.0,,,,left_only
,,,981522028,Samfundets skole Oftenes,58.07471,7.75758,,,,left_only
,,,981522036,Samfundets skole Dvergsnes,58.13895,8.07568,,,,left_only
,,,981607228,Vollan skole,62.57551,9.63438,,,,left_only
,,,981668383,Lørenskog friskole,0.0,0.0,,,,left_only
,,,982011019,Alta Kristne grunnskole SA,69.96777,23.35157,,,,left_only
,,,982067405,Danielsen barne- og ungdomsskule Sotra,60.35229,5.13476,,,,left_only
,,,982163277,Ørsnes privatskole,68.20048,14.39505,,,,left_only
Stiftelsen steinerskolen Rotvoll,63.43889,10.48563,982196574,Stiftelsen steinerskolen Rotvoll,63.43889,10.48563,,,,left_only
,,,982722861,"Stiftelsen Trondheim Kristne Grunnskole, tomasskolen",63.42935,10.41373,,,,left_only
Akademiet Kristiansand AS,58.15325,8.02905,982759846,,,,,,,left_only
,,,982794374,St Eysteins skole,67.27572,14.36665,,,,left_only
,,,982944538,Justøy skole - montessoriskolen i Lillesand Sti,58.20972,8.36429,,,,left_only
,,,982944635,Stavanger Kristne grunnskole,58.96039,5.69091,,,,left_only
,,,983451039,Fagerhaug Kristne skole SA,63.47125,10.94562,,,,left_only
,,,983522181,Hamar Montessori skole Sti,60.82068,11.04787,,,,left_only
,,,983681123,Stiftelsen Lyngdal Kristne grunnskole,58.12961,7.06781,,,,left_only
,,,984095961,Øvergård montessoriskole,69.02122,19.44755,,,,left_only
,,,984666675,Stiftelsen Vollen montessoriskole,0.0,0.0,,,,left_only
Stiftelsen Spin Off Forstudium,0.0,0.0,984777604,,,,,,,left_only
Akademiet Vgs Ålesund AS,62.4734,6.15031,984800746,,,,,,,left_only
Metis videregående AS,60.38746,5.33138,985076308,,,,,,,left_only
,,,985193495,Molde friskole,62.73742,7.12167,,,,left_only
,,,985315469,Oasen skole Birkelid AS,58.12668,7.84612,,,,left_only
Akademiet Drammen AS,59.74036097932266,10.18193216616209,985500568,,,,,,,left_only
,,,985922624,Vike montessoriskule SA,62.61915,7.1489,,,,left_only
,,,986078479,Stiftelsen steinerskolen i Arendal,58.47592,8.75454,,,,left_only
,,,986109110,Hesnes skole montessoriskolen i Grimstad,58.34352,8.61834,,,,left_only
,,,986124403,Venabygd montessoriskole,61.59399,10.0497,,,,left_only
Norges Toppidrettsgymnas Kongsvinger AS,60.19129,12.00542,986147667,,,,,,,left_only
,,,986171487,Stiftelsen International School Telemark,59.10553,9.68147,,,,left_only
,,,986256407,Holmedal montessoriskule,61.36057,5.18777,,,,left_only
Motio AS,0.0,0.0,986272208,,,,,,,left_only
,,,986615539,Andørja montessoriskole,68.91749,17.16436,,,,left_only
Briskeby videregående skole AS,0.0,0.0,986737162,,,,,,,left_only
Wang Fredrikstad AS,59.21256,10.92896,986779795,Wang Fredrikstad AS,59.21256,10.92896,,,,left_only
,,,986847367,Stiftelsen Davinci montessoriskole,0.0,0.0,,,,left_only
,,,986859659,Stiftelsen Trondheim International School,63.42935,10.41373,,,,left_only
Akademiet Vgs Bergen AS,60.38666,5.33062,986900055,,,,,,,left_only
,,,986967257,Steinkjer montessoriskole,64.01442,11.47801,,,,left_only
,,,986978070,Sandnes friskole AS,58.82388,5.71712,,,,left_only
,,,987059443,Åmås friskule,62.18221,6.19611,,,,left_only
,,,987105941,Møre barne- og ungdomsskule,62.27855,5.80714,,,,left_only
Hjerleid handverksskole AS,61.98317,9.2448,987344873,,,,,,,left_only
Prosjektskolen AS,0.0,0.0,987415371,,,,,,,left_only
Akademiet Sandnes,0.0,0.0,987546603,,,,,,,left_only
,,,987636750,Markabygda montessoriskole SA,63.63749,11.27818,,,,left_only
,,,987781475,Hosanger montessoriskule Sti,60.57019,5.48548,,,,left_only
,,,987900016,Jærtun Lutherske friskule,58.73021,5.66417,,,,left_only
,,,987919558,Solør montessoriskole,60.57507,12.07131,,,,left_only
,,,988284440,Reisa montessoriskole,69.74545,21.11146,,,,left_only
Filadelfia bibelskole,59.9178,10.73714,988421006,,,,,,,left_only
,,,988427535,Brandal friskule,62.40125,6.0061,,,,left_only
Akademiet Fredrikstad AS Privat videregående skole,59.21384,10.92913,988519480,,,,,,,left_only
Wang Toppidrett Stavanger AS,58.9546,5.70006,988586102,,,,,,,left_only
Oslo fotokunstskole AS,59.92832,10.7522,988595039,,,,,,,left_only
Bergen private gymnas AS,60.38746,5.33138,988602671,,,,,,,left_only
Akademiet Vgs Bislett AS,59.92345,10.73179,988938386,,,,,,,left_only
Akademiet Ypsilon videregående skole AS,59.7486,10.17168,988938424,,,,,,,left_only
,,,988968498,Tryggheim ungdomsskule,58.67356,5.63596,,,,left_only
,,,989142283,Foreninga Norheimsund friskule,60.34676,6.1858,,,,left_only
Kvs-Bygland AS,58.83103,7.8028,989280767,,,,,,,left_only
Fjellhaug bibelskole,0.0,0.0,989298585,,,,,,,left_only
Misjonsskolen Gå Ut Senteret,63.42982,10.39215,989302477,,,,,,,left_only
,,,989337823,Snåsa montessoriskole SA,64.2787,12.52723,,,,left_only
,,,990258570,Bodalen friskole,63.01223,7.58552,,,,left_only
,,,990334021,Arendal International School (Ais),58.43208,8.74147,,,,left_only
,,,990672938,Norges Toppidrettsgymnas ungdomsskole Bærum AS,59.92561,10.59114,,,,left_only
Norges Toppidrettsgymnas Bærum AS,59.92561,10.59114,990672962,,,,,,,left_only
Gjennestad videregående skole,59.23032,10.27398,990745277,,,,,,,left_only
Aglo videregående skole,63.5333,10.8234,991025057,,,,,,,left_only
Norges Toppidrettsgymnas Tromsø AS,69.64967,18.93502,991575731,,,,,,,left_only
,,,991595465,Eidskog montessoriskole SA,59.92635,11.99309,,,,left_only
,,,991673628,Finnskogen montessoriskole Ba,60.29833,12.28426,,,,left_only
,,,992487186,Åse montessoriskole,69.01578,15.80737,,,,left_only
,,,992780010,Bjørgvin montessoriskole,60.34985,5.35076,,,,left_only
,,,993630705,Stiftelsen Tromsø International School,69.6814,18.96618,,,,left_only
Kragerø kunstskole AS,58.86461,9.40858,993887439,,,,,,,left_only
,,,993930954,Grytastranda montessoriskule,62.53366,6.35453,,,,left_only
,,,993951439,Valdres montessoriskule SA,60.99862,9.10145,,,,left_only
,,,994486977,Torvikbukt skule SA,62.94227,7.85887,,,,left_only
Oasen videregående skole AS,58.14663,8.00212,994557416,,,,,,,left_only
,,,994665995,Ølve montessoriskule SA,60.01263,5.81452,,,,left_only
,,,994967541,Kilebygda montessoriskole SA,59.10654,9.43257,,,,left_only
,,,995111322,Bleik og Omegn Montessori Skolelag,69.27299,15.96502,,,,left_only
,,,995199394,Sandøya montessoriskole,59.05037,9.72984,,,,left_only
,,,995234181,Trysil montessoriskole SA,61.13513,12.49708,,,,left_only
,,,995296713,Tinn montessoriskole SA,60.0477,8.81899,,,,left_only
,,,995332779,Løkken Verk montessoriskole SA,63.12623,9.70793,,,,left_only
,,,995339765,Hildre montessoriskule SA,62.60382,6.35293,,,,left_only
,,,995353113,Hundeidvik privatskule AS,62.37458,6.43751,,,,left_only
Wang Tønsberg AS,59.29502,10.41573,995354071,Wang Tønsberg AS,59.29502,10.41573,,,,left_only
,,,995355825,Norlights montessoriskole Drammen AS,59.7402,10.18181,,,,left_only
,,,995367351,Velledalen montessoriskule AS,62.29167,6.64578,,,,left_only
,,,995370832,Danielsen ungdomsskule Osterøy AS,60.50662,5.43263,,,,left_only
,,,995450321,Berg montessoriskole,69.44731,17.29073,,,,left_only
,,,995876167,Nord-Dønna montessoriskole,66.17542,12.54427,,,,left_only
,,,995922770,Aalesund International School Sti,62.46557,6.25108,,,,left_only
,,,996639924,Den Norske skolen i Kenya,59.93109,10.78537,,,,left_only
,,,996700380,Danielsen ungdomsskule Frekhaug AS,60.51314,5.2405,,,,left_only
,,,996700402,Danielsen ungdomsskole Haugalandet AS,59.38181,5.31215,,,,left_only
,,,996725936,Sørhåland barneskole AS,59.15524,5.2353,,,,left_only
,,,996749681,Childrens International School Fredrikstad AS,59.20195,10.96241,,,,left_only
,,,996755592,Kvalavåg montessoriskole AS,59.32518,5.20725,,,,left_only
Bibelskolen Link,58.96837,5.73962,996768856,,,,,,,left_only
,,,996773299,Grønfjelldal montessoriskole SA,66.34515,14.70906,,,,left_only
Akademiet Vgs Bragernes Drammen AS,59.7486,10.17168,996789845,,,,,,,left_only
,,,997189116,Helgen montessoriskole,59.25626,9.35907,,,,left_only
,,,997271041,Fagerhaug International School AS,63.47125,10.94562,,,,left_only
Vinterlandbruksskulen i Ryfylke Sti,59.60665,5.81312,997940431,,,,,,,left_only
Halden montessoriskole AS,59.11809,11.39657,998173108,Halden montessoriskole AS,59.11809,11.39657,,,,left_only
,,,998211794,Kristen friskole AS,58.95177,5.70301,,,,left_only
,,,998245508,Kjølsdalen montessoriskule SA,61.91747,5.62573,,,,left_only
,,,998250722,Kragerøskjærgården montessoriskole,58.85822,9.47864,,,,left_only
,,,998258383,Stiftelsen Asker International School,59.82971,10.41732,,,,left_only
,,,998260965,Hamarøy montessoriskole,68.02333,15.34934,,,,left_only
Signo Grunn- og videregående skole AS,59.31808,10.15271,998666783,Signo Grunn- og videregående skole AS,59.31808,10.15271,,,,left_only
,,,998797268,Bergsbygda montessoriskole,59.08514,9.72094,,,,left_only
,,,U90099004,SHAPE International School,50.5034862,3.978684899999962,SHAPE International School,I drift,privatskoleloven,both
,,,U90099006,Costa Blanca Undervisning - Albir,38.5650444,-0.0667573000000629,,,,left_only
,,,U90099008,Norwegian Community School,-1.3365109,36.72250340000005,,,,left_only
Den norske skole - Costa Blanca,38.595811,-0.113364700000034,U90099009,Den norske skole - Costa Blanca,38.595811,-0.113364700000034,Den norske skole - Costa Blanca,I drift,privatskoleloven,both
Den norske skolen i Malaga,36.60399960000001,-4.541974200000027,U90099012,Den norske skolen i Malaga,36.60399960000001,-4.541974200000027,,,,left_only
,,,U90099013,The Norwegian School in London,51.4162875,-0.2264913999999862,The Norwegian School in London,I drift,privatskoleloven,both
Den norske skolen i Rojales,38.0664348,-0.7269490999999562,U90099015,Den norske skolen i Rojales,38.0664348,-0.7269490999999562,,,,left_only
Den norske skole - Gran Canaria,27.7783325,-15.692120400000022,U90099017,Den norske skole - Gran Canaria,27.7783325,-15.692120400000022,,,,left_only
